Id,Value
1,0.0
2,0.0
3,0.0
4,0.0
5,0.0
6,0.0
7,-2.418370662400003
8,-2.3639511040000003
9,-2.418370662400003
10,-2.3639511040000003
11,-2.273251840000004
12,-11.363951104
13,-1.8701440000000018
14,-1.450240000000004
15,-1.8701440000000018
16,-1.450240000000004
17,-0.7504000000000028
18,-10.450239999999992
19,-2.3639511040000003
20,-2.27325184
21,-2.3639511040000003
22,-2.27325184
23,-2.122086400000004
24,-11.273251839999995
25,-2.49619150162493
26,-2.497709481779714
27,-2.49619150162493
28,-2.4977137122872852
29,-11.494724605960153
30,-11.496274532447263
31,0.0
32,0.0
33,0.0
34,0.0
35,0.0
36,0.0
37,-2.49619150162493
38,-2.497712887688001
39,-2.49619150162493
40,-2.4977140261480204
41,-11.495805352519413
42,-11.491647700956394
43,-2.482368063078398
44,-2.489385349916044
45,-2.482368063078398
46,-2.489419367051567
47,-11.484002101753832
48,-11.488251682701064
49,-2.27325184
50,-2.363855386941098
51,-2.4180174450998924
52,-2.3635776019157686
53,-11.354933642270977
54,-11.36206718353042
55,-2.470613438464001
56,-2.4823524588888777
57,-2.4894115818794424
58,-2.4823637106889374
59,-11.478733253369697
60,-11.475360924916714
61,0.0
62,0.0
63,0.0
64,0.0
65,0.0
66,0.0
67,-2.4510223974400023
68,-2.470607292197861
69,-2.482349945807557
70,-2.4706083160430734
71,-11.465738811924929
72,-11.465051619474409
73,-2.4894208378470393
74,-2.4936484593466974
75,-2.4894208378470393
76,-2.493650338385671
77,-11.491463340547824
78,-11.46664217867259
79,-2.470613438464001
80,-2.4823648486763568
81,-2.470613438464001
82,-2.482352563828028
83,-11.477437623560629
84,-11.47407313264405
85,-2.4894208378470393
86,-2.493650352995156
87,-2.4894208378470393
88,-2.4936467848011312
89,-11.486069327841966
90,-11.476375327516282
91,0.0
92,0.0
93,0.0
94,0.0
95,0.0
96,0.0
97,5.599999999999993
98,10.999999999999991
99,5.599999999999993
100,10.999999999999991
101,1.9999999999999922
102,19.99999999999999
103,-2.122086400000004
104,-2.27325184
105,-2.122086400000004
106,-2.27325184
107,-11.273251839999995
108,-2.3639511040000003
109,0.41599999999999737
110,-0.7504000000000028
111,-1.450240000000004
112,-0.7504000000000028
113,-9.750399999999994
114,-1.450240000000002
115,-1.8701440000000038
116,-2.1220864
117,-1.8701440000000038
118,-2.1220864
119,-11.122086399999999
120,-2.27325184
121,0.0
122,0.0
123,0.0
124,0.0
125,0.0
126,0.0
127,-2.451020805624309
128,-2.4183699287751503
129,-2.4183697823665473
130,-2.3639511040000043
131,-11.418365474823133
132,-11.418297253744566
133,-2.1220864
134,-1.8701440000000018
135,-1.8701440000000018
136,-1.450240000000004
137,-10.87014399999999
138,-10.87014399999999
139,-2.418370662400003
140,-2.3639511040000003
141,-2.3639511040000003
142,-2.273251840000004
143,-11.363951104
144,-11.363951104
145,-2.493652502708222
146,-2.4961901158209687
147,-2.496188842082514
148,-2.4977064427115105
149,-11.492012654298248
150,-11.484800317285385
151,0.0
152,0.0
153,0.0
154,0.0
155,0.0
156,0.0
157,-2.493652502708222
158,-2.496188897961585
159,-2.49618665247633
160,-2.4977125785457126
161,-11.495869759149622
162,-11.495742366472317
163,-2.4706134384639964
164,-2.4823641310931857
165,-2.4823490083449657
166,-2.489410603674285
167,-11.477896208365639
168,-11.480984848128946
169,-2.3639511040000003
170,-2.4179259060220804
171,-2.4182956819377184
172,-2.3639511040000003
173,-11.413009256787605
174,-11.408221563936596
175,-2.482368063078398
176,-2.489394789173637
177,-2.4894072677128958
178,-2.482368063078398
179,-11.484457072288373
180,-11.486542571161463
181,0.0
182,0.0
183,0.0
184,0.0
185,0.0
186,0.0
187,-2.470613438464001
188,-2.4823189419739955
189,-2.4823504871749345
190,-2.470613438464001
191,-11.469618438397514
192,-11.46967790136597
193,-2.482368063078398
194,-2.489412808040114
195,-2.4894129265843947
196,-2.4936491635883122
197,-11.481970901518
198,-11.486779344435526
199,-2.4510223974400023
200,-2.4705630219505847
201,-2.4705934234194507
202,-2.4823221461753957
203,-11.46143014846885
204,-11.460386776465203
205,-2.482368063078398
206,-2.4894097438703824
207,-2.4894099709337367
208,-2.4936399451340683
209,-11.479034841218816
210,-11.485823337218077
211,0.0
212,0.0
213,0.0
214,0.0
215,0.0
216,0.0
217,2.3599999999999963
218,5.599999999999993
219,5.599999999999993
220,10.999999999999991
221,-3.400000000000006
222,-3.400000000000006
223,-1.8701440000000038
224,-2.1202621380102817
225,-2.1147890488738277
226,-2.2564209858624427
227,-10.638623418467128
228,-10.98598612217201
229,-0.772036822350024
230,-1.4182242610242195
231,-1.4181652597468841
232,-0.7504000000000028
233,-10.050338769375688
234,-10.323963473614608
235,-1.450240000000004
236,-1.8678028010145165
237,-1.865703302402949
238,-2.115519149193042
239,-10.523900241732559
240,-10.647109240019393
241,0.0
242,0.0
243,0.0
244,0.0
245,0.0
246,0.0
247,-2.4894208378470393
248,-2.493646116202459
249,-2.4961827680348496
250,-2.4936503077905776
251,-11.491678849996218
252,-11.49167323229779
253,-2.4183706623999988
254,-2.4510160116584947
255,-2.4704746184910817
256,-2.451004164231391
257,-11.448101242163656
258,-11.445035947736251
259,-2.482368063078398
260,-2.489407123971085
261,-2.493649215777
262,-2.4894180826702947
263,-11.48385667365432
264,-11.481094588720405
265,-2.470613438464001
266,-2.4510223974400023
267,-2.418370662400003
268,-2.4510223974400023
269,-11.451022397439997
270,-11.451022397439997
271,0.0
272,0.0
273,0.0
274,0.0
275,0.0
276,0.0
277,-2.470613438464001
278,-2.4510223974400023
279,-2.418370662400003
280,-2.4510223974400023
281,-11.451022397439997
282,-11.451022397439997
283,-2.3639511040000003
284,-2.27325184
285,-2.122086400000004
286,-2.27325184
287,-11.273251839999995
288,-11.273251839999995
289,-2.418370662400003
290,-2.4509942358209047
291,-2.4705395376689534
292,-2.450963943303962
293,-11.439736030210359
294,-11.449301473468697
295,-2.4894208378470437
296,-2.4936431518482913
297,-2.496184412859903
298,-2.493651063133148
299,-11.492911420299432
300,-11.48751836646241
301,0.0
302,0.0
303,0.0
304,0.0
305,0.0
306,0.0
307,-2.4823680630784026
308,-2.489402172893962
309,-2.4936478346848756
310,-2.489392986047521
311,-11.481975624995703
312,-11.487003738114861
313,-2.470613438464001
314,-2.4823604654004856
315,-2.470613438464001
316,-2.4823525772028114
317,-11.476249204786443
318,-11.455375926209934
319,-2.4183706623999988
320,-2.451003989646779
321,-2.4183706623999988
322,-2.4509644054233224
323,-11.447818681357305
324,-11.450261648936833
325,-2.470613438464001
326,-2.4823466043626055
327,-2.470613438464001
328,-2.48234472885486
329,-11.481106335926508
330,-11.481048475674068
331,0.0
332,0.0
333,0.0
334,0.0
335,0.0
336,0.0
337,-1.450240000000004
338,-1.8286249211348728
339,-1.942964110410165
340,-1.8354255270933608
341,-7.75389964138317
342,-6.5946435637154694
343,0.41599999999999737
344,2.3599999999999963
345,5.599999999999993
346,2.3599999999999963
347,-6.640000000000003
348,-6.640000000000003
349,-1.450240000000004
350,-1.8491111802241649
351,-2.0173184491689518
352,-1.8575129318755281
353,-7.754907629667285
354,-6.10018648919188
355,-0.7504248191429312
356,-1.0659463094488761
357,-0.9522285132331556
358,-1.1370311506507154
359,-2.798475248086336
360,-2.7755962584352654
361,0.0
362,0.0
363,0.0
364,0.0
365,0.0
366,0.0
367,-2.493652502708222
368,-2.496190471447424
369,-2.497710173190134
370,-2.493652502708222
371,-11.492551559158374
372,-11.480422524623041
373,-2.451022397439998
374,-2.470572021829443
375,-2.4822918721492404
376,-2.451022397439998
377,-11.469210390649762
378,-11.461469479672989
379,-2.4894208378470393
380,-2.493648415712688
381,-2.4961790449303827
382,-2.4894208378470393
383,-11.493048744769467
384,-11.48911239681609
385,-2.4510223974400023
386,-2.418370662400003
387,-2.3639511040000043
388,-2.4510223974400023
389,-11.418370662400003
390,-11.418370662400003
391,0.0
392,0.0
393,0.0
394,0.0
395,0.0
396,0.0
397,-2.4510223974400023
398,-2.418370662400003
399,-2.3639511040000043
400,-2.4510223974400023
401,-11.418370662400003
402,-11.418370662400003
403,-2.27325184
404,-2.1220864
405,-1.8701440000000038
406,-2.27325184
407,-11.122086399999999
408,-11.122086399999999
409,-2.4510223974400023
410,-2.470586756631015
411,-2.4822708747177966
412,-2.4510223974400023
413,-11.465645362037662
414,-11.45311326684374
415,-2.4936525027082266
416,-2.496190060255628
417,-2.497713985090548
418,-2.4936525027082266
419,-11.487761402020427
420,-11.494621622790556
421,0.0
422,0.0
423,0.0
424,0.0
425,0.0
426,0.0
427,-2.4894208378470393
428,-2.493650090819448
429,-2.496181512651287
430,-2.4894208378470393
431,-11.49125630479558
432,-11.490914239864653
433,-2.4510223974400023
434,-2.4705915018282987
435,-2.482343856361372
436,-2.4823621875451662
437,-11.467296789231284
438,-11.465153635827683
439,-2.3639511040000003
440,-2.4183348118532844
441,-2.45087208820456
442,-2.450997664089269
443,-11.409297804184112
444,-11.416278322854785
445,-2.4510223974400023
446,-2.47061180885338
447,-2.482364139927234
448,-2.4823659491895786
449,-11.469047952245443
450,-11.468158399009486
451,0.0
452,0.0
453,0.0
454,0.0
455,0.0
456,0.0
457,-1.8701440000000038
458,-2.122086399999979
459,-2.27325184
460,-1.8701440000004352
461,-11.122086399999892
462,-11.12208639999999
463,2.3599999999999963
464,5.599999999999993
465,10.999999999999991
466,2.3599999999999963
467,-3.400000000000006
468,-3.400000000000006
469,-1.8701440000000038
470,-2.1220864
471,-2.27325184
472,-1.8701440000000826
473,-11.122086399999986
474,-11.122086399999983
475,0.41599999999999737
476,-0.76843175578495
477,-1.4223309055625544
478,-1.436278633004078
479,-9.29747873939847
480,-9.065544186115849
481,0.0
482,0.0
483,0.0
484,0.0
485,0.0
486,0.0
487,-2.49619150162493
488,-2.497714370932529
489,-2.4977139432070414
490,-2.49619150162493
491,-11.49278247679588
492,-11.492777162656873
493,-2.4706134384639964
494,-2.482313843579277
495,-2.482346367074696
496,-2.4706134384639964
497,-11.47490917708397
498,-11.479063708848939
499,-2.493652502708222
500,-2.496189175271292
501,-2.4961791031103853
502,-2.493652502708222
503,-11.49462206787935
504,-11.48949735840613
505,-2.418370662400003
506,-2.3639511040000003
507,-2.3639511040000003
508,-2.418370662400003
509,-2.273251840000004
510,-11.363951104
511,0.0
512,0.0
513,0.0
514,0.0
515,0.0
516,0.0
517,-2.418370662400003
518,-2.3639511040000003
519,-2.3639511040000003
520,-2.418370662400003
521,-2.273251840000004
522,-11.363951104
523,-2.1220864
524,-1.8701440000000018
525,-1.8701440000000018
526,-2.1220864
527,-1.450240000000004
528,-10.87014399999999
529,-2.470613438464001
530,-2.482209618353851
531,-2.482343978716725
532,-2.470613438464001
533,-11.481330690756758
534,-11.469823163130668
535,-2.4961915016249345
536,-2.497713991887178
537,-2.497714475402161
538,-2.4961915016249345
539,-11.461477009328446
540,-11.492747518310187
541,0.0
542,0.0
543,0.0
544,0.0
545,0.0
546,0.0
547,-2.493652502708222
548,-2.49618913972529
549,-2.496190779478057
550,-2.493652502708222
551,-11.494478695393001
552,-11.491795176446669
553,-2.4706134384639964
554,-2.48235238180472
555,-2.4823577388990845
556,-2.470613438464001
557,-11.476230408228837
558,-11.47388922549558
559,-2.4183706623999988
560,-2.4509907295643076
561,-2.4509502550820272
562,-2.4183706623999988
563,-11.447443385622577
564,-11.447042244461304
565,-2.4706134384639964
566,-2.4823136937983317
567,-2.4823230679807065
568,-2.470613438464001
569,-11.469562509648847
570,-11.477888612316828
571,0.0
572,0.0
573,0.0
574,0.0
575,0.0
576,0.0
577,-2.122086400000004
578,-2.27325184
579,-2.27325184
580,-2.122086400000004
581,-11.273251839999995
582,-2.3639511040000003
583,5.599999999999993
584,10.999999999999991
585,10.999999999999991
586,5.599999999999993
587,1.9999999999999922
588,19.99999999999999
589,-2.122086400000004
590,-2.27325184
591,-2.27325184
592,-2.122086400000004
593,-11.273251839999995
594,-2.3639511040000003
595,-0.7504000000000028
596,-1.450240000000004
597,-1.450240000000004
598,-0.7504000000000028
599,-10.450239999999992
600,-1.8701440000000018
601,0.0
602,0.0
603,0.0
604,0.0
605,0.0
606,0.0
607,-2.4510223974400023
608,-2.3639511040000043
609,-2.4510223974400023
610,-2.418370662400003
611,-11.418370662400003
612,-11.418370662400003
613,-2.1220864
614,-1.450240000000004
615,-2.1220864
616,-1.8701440000000018
617,-10.87014399999999
618,-10.87014399999999
619,-2.418370662400003
620,-2.273251840000004
621,-2.418370662400003
622,-2.3639511040000003
623,-11.363951104
624,-11.363951104
625,-2.493652502708222
626,-2.497714870264187
627,-2.493652502708222
628,-2.496191486465936
629,-11.496172971370479
630,-11.496101334227061
631,0.0
632,0.0
633,0.0
634,0.0
635,0.0
636,0.0
637,-2.493652502708222
638,-2.4977149005151973
639,-2.493652502708222
640,-2.496191496779442
641,-11.496188395005488
642,-11.496182699435538
643,-2.4706134384639964
644,-2.4894207949399845
645,-2.4706134384639964
646,-2.4823680463702913
647,-11.482347636972323
648,-11.482362028569913
649,-2.122086400000004
650,-2.3639510839730082
651,-2.3639511022244206
652,-2.2732518377402555
653,-11.273248530630648
654,-11.273251699157905
655,-2.4510223974400063
656,-2.4823680624180295
657,-2.4823680559207366
658,-2.470613437898873
659,-11.470613306992103
660,-11.470613415752652
661,0.0
662,0.0
663,0.0
664,0.0
665,0.0
666,0.0
667,-2.418370662400007
668,-2.470613435795977
669,-2.4706134367949937
670,-2.451022392789387
671,-11.451022057550327
672,-11.451022327930833
673,-2.482368063078398
674,-2.493652501153842
675,-2.482368063078398
676,-2.48942081992687
677,-11.489403822220975
678,-11.48940252124106
679,-2.4510223974400023
680,-2.4823680472374274
681,-2.4510223974400023
682,-2.470613364353253
683,-11.470587844458692
684,-11.470601423660014
685,-2.482368063078398
686,-2.4936524937982885
687,-2.482368063078398
688,-2.489420818329196
689,-11.489321832287605
690,-11.489415923341332
691,0.0
692,0.0
693,0.0
694,0.0
695,0.0
696,0.0
697,2.3599999999999963
698,10.999999999999991
699,2.3599999999999963
700,5.599999999999993
701,-3.400000000000006
702,-3.400000000000006
703,-1.8701440000000038
704,-2.27325184
705,-1.8701440000000038
706,-2.1220864
707,-11.122086399999999
708,-11.122086399999999
709,2.3599999999999963
710,-0.7504000000000028
711,-0.7504000000000028
712,0.41599999999999737
713,-8.583999999999994
714,-8.583999999999994
715,-1.450240000000004
716,-2.1220864
717,-1.450240000000004
718,-1.8701440000000018
719,-10.87014399999999
720,-10.87014399999999
721,0.0
722,0.0
723,0.0
724,0.0
725,0.0
726,0.0
727,-2.470613438464001
728,-2.418370662400007
729,-2.4510223974400023
730,-2.418370662400003
731,-11.451022397439997
732,-11.451022397439997
733,-2.27325184
734,-1.8701440000000038
735,-2.1220864
736,-1.8701440000000038
737,-11.122086399999999
738,-11.122086399999999
739,-2.4510223974400023
740,-2.3639511040000043
741,-2.418370662400003
742,-2.3639511040000043
743,-11.418370662400003
744,-11.418370662400003
745,-2.4894208378470393
746,-2.496191484870148
747,-2.4936524915927647
748,-2.4961914605463487
749,-11.493651975474817
750,-11.493640375954975
751,0.0
752,0.0
753,0.0
754,0.0
755,0.0
756,0.0
757,-2.4894208378470393
758,-2.4961914930781886
759,-2.4936525008375225
760,-2.496191499236448
761,-11.493650666186923
762,-11.493643622090353
763,-2.451022397439998
764,-2.4823680592936976
765,-2.470613430291423
766,-2.4823680217225133
767,-11.470609237736824
768,-11.47061211488608
769,-2.27325184
770,-2.4183705229246315
771,-2.363950980004549
772,-2.27325184
773,-11.363872152257875
774,-11.363944641876655
775,-2.470613438464001
776,-2.4894208181702595
777,-2.4823680621256248
778,-2.470613438464001
779,-11.48236742547233
780,-11.482366742605631
781,0.0
782,0.0
783,0.0
784,0.0
785,0.0
786,0.0
787,-2.4510223974400023
788,-2.4823680611738976
789,-2.4706134359139376
790,-2.4510223974400023
791,-11.470609911165194
792,-11.470611597215047
793,-2.470613438464001
794,-2.489420832523551
795,-2.4823680614476666
796,-2.4894208188224396
797,-11.48234243811786
798,-11.48236128919459
799,-2.418370662400003
800,-2.470613212435971
801,-2.451022387140715
802,-2.4706133449810523
803,-11.451021931541328
804,-11.451011598200127
805,-2.470613438464001
806,-2.4894208004118874
807,-2.482368038412037
808,-2.489420821767107
809,-11.482345229731811
810,-11.48236734988761
811,0.0
812,0.0
813,0.0
814,0.0
815,0.0
816,0.0
817,0.41599999999999737
818,5.599999999999993
819,2.3599999999999963
820,5.599999999999993
821,-6.640000000000003
822,-6.640000000000003
823,-1.450240000000004
824,-2.122083388918857
825,-1.8701441595542012
826,-2.1220556379079225
827,-10.869970192173973
828,-10.869988130123943
829,0.4158376223990391
830,-1.4501978231886634
831,-0.7504236423052506
832,0.41599999999999737
833,-9.749279321950945
834,-9.748089015777545
835,-0.7504000000000028
836,-1.870136846218107
837,-1.4502406470286546
838,-1.870139303716713
839,-10.450222382234276
840,-10.450093001867195
841,0.0
842,0.0
843,0.0
844,0.0
845,0.0
846,0.0
847,-2.482368063078398
848,-2.4936524705056415
849,-2.4936525019397076
850,-2.489420836103525
851,-11.489418041987303
852,-11.489420500324712
853,-2.3639511040000003
854,-2.451022397439998
855,-2.451022397439998
856,-2.4183706623999988
857,-11.418370662400003
858,-11.418370662400003
859,-2.470613438464001
860,-2.4894208371477156
861,-2.4894208331089334
862,-2.482368057963659
863,-11.482365749956529
864,-11.482367432967704
865,-2.482368063078398
866,-2.4510223974400023
867,-2.4510223974400023
868,-2.470613438464001
869,-11.470613438463989
870,-11.470613438463989
871,0.0
872,0.0
873,0.0
874,0.0
875,0.0
876,0.0
877,-2.482368063078398
878,-2.4510223974400023
879,-2.4510223974400023
880,-2.470613438464001
881,-11.470613438463989
882,-11.470613438463989
883,-2.4183706623999988
884,-2.273251840000004
885,-2.273251840000004
886,-2.3639511040000003
887,-11.363951104
888,-11.363951104
889,-2.3639511040000043
890,-2.451022384447678
891,-2.4510222786405156
892,-2.4183706573801524
893,-11.418370201312616
894,-11.418366858486019
895,-2.4823680630784066
896,-2.4936525006895947
897,-2.4936525016236466
898,-2.489420836598482
899,-11.489418355105823
900,-11.48941920170753
901,0.0
902,0.0
903,0.0
904,0.0
905,0.0
906,0.0
907,-2.470613438464005
908,-2.4894208354500638
909,-2.4894208375818607
910,-2.4823680618959476
911,-11.482368045259312
912,-11.482367791673768
913,-2.4510223974400023
914,-2.482368056718099
915,-2.4510223974400023
916,-2.470613415066428
917,-11.47061117641434
918,-11.470608251380916
919,-2.3639511040000003
920,-2.451022338500015
921,-2.3639511040000003
922,-2.418370067363993
923,-11.418369694817006
924,-11.418362820826832
925,-2.4510223974400023
926,-2.482368054074456
927,-2.4510223974400023
928,-2.4706134232039876
929,-11.470609188824834
930,-11.470605381694387
931,0.0
932,0.0
933,0.0
934,0.0
935,0.0
936,0.0
937,-0.7504000000000028
938,-1.8697750627879666
939,-1.8700772079982493
940,-1.4503009950619972
941,-10.445466278214854
942,-10.443701043826602
943,-0.7504000000000008
944,2.3599999999999963
945,2.3599999999999963
946,0.41599999999999737
947,-8.583999999999994
948,-8.583999999999994
949,-0.7504000000000028
950,-1.8698968592583491
951,-1.8701252146612557
952,-1.450294089564814
953,-10.44935280683153
954,-10.446781820924437
955,0.4119833979560138
956,-1.4495797145218756
957,0.41599999999999737
958,-0.750736608026221
959,-9.717584369663463
960,-9.732977106680677
961,0.0
962,0.0
963,0.0
964,0.0
965,0.0
966,0.0
967,-2.4894208378470393
968,-2.496191479766742
969,-2.49619149858123
970,-2.4894208378470393
971,-11.493651600274145
972,-11.493651039300723
973,-2.418370662400003
974,-2.4706134384632628
975,-2.4706134384638
976,-2.4183706623999988
977,-11.451022397251831
978,-11.4510223974191
979,-2.482368063078398
980,-2.4936525013206827
981,-2.49365247516969
982,-2.482368063078398
983,-11.489420249333067
984,-11.489420637808513
985,-2.4706134384639977
986,-2.418370662400003
987,-2.418370662400003
988,-2.470613438463999
989,-11.451022397439038
990,-11.451022397439488
991,0.0
992,0.0
993,0.0
994,0.0
995,0.0
996,0.0
997,-2.470613438464001
998,-2.418370662400003
999,-2.418370662400003
1000,-2.470613438463969
1001,-11.451022397439754
1002,-11.451022397439582
1003,-2.3639511040000003
1004,-2.122086400000004
1005,-2.122086400000004
1006,-2.3639511040000003
1007,-11.273251839999995
1008,-11.273251839999995
1009,-2.418370662400003
1010,-2.4706134068541474
1011,-2.470613433491731
1012,-2.418370662400003
1013,-11.451018181266685
1014,-11.451021188467985
1015,-2.4894208378470437
1016,-2.4961914723165193
1017,-2.496191496413703
1018,-2.4894208378470437
1019,-11.49365068311674
1020,-11.49365083972425
1021,0.0
1022,0.0
1023,0.0
1024,0.0
1025,0.0
1026,0.0
1027,-2.4823680630784026
1028,-2.4936525006506867
1029,-2.493652488027782
1030,-2.4823680630784026
1031,-11.48941878947267
1032,-11.489419145593757
1033,-2.418370662400007
1034,-2.4706134330391176
1035,-2.470613419353373
1036,-2.470613436871739
1037,-11.451022096233881
1038,-11.451022217961894
1039,-2.27325184
1040,-2.418370583919144
1041,-2.4183701247058895
1042,-2.4183706472096307
1043,-11.363949669358139
1044,-11.363948103369323
1045,-2.418370662400003
1046,-2.4706134328758345
1047,-2.470613434619183
1048,-2.4706134329101554
1049,-11.4510223291085
1050,-11.451021322284118
1051,0.0
1052,0.0
1053,0.0
1054,0.0
1055,0.0
1056,0.0
1057,-1.450240000000004
1058,-2.1220864
1059,-2.1220864
1060,-1.450240000000004
1061,-10.87014399999999
1062,-10.87014399999999
1063,0.41599999999999737
1064,5.599999999999993
1065,5.599999999999993
1066,0.41599999999999737
1067,-6.640000000000003
1068,-6.640000000000003
1069,-1.450240000000004
1070,-2.1220864
1071,-2.1220864
1072,-1.450240000000004
1073,-10.87014399999999
1074,-10.87014399999999
1075,2.3599999999999963
1076,-0.7504000115940856
1077,-0.7504000251161698
1078,-0.7504000041782586
1079,-8.583998772266144
1080,-8.58399850067933
1081,0.0
1082,0.0
1083,0.0
1084,0.0
1085,0.0
1086,0.0
1087,-2.493652502708222
1088,-2.4977148700496477
1089,-2.4961914666629097
1090,-2.493652502708222
1091,-11.496188074813597
1092,-11.496170769544523
1093,-2.4510223974400023
1094,-2.4823677739469776
1095,-2.470613267805325
1096,-2.451022397439998
1097,-11.47046328834655
1098,-11.470601129740457
1099,-2.4894208378470393
1100,-2.4961914607714615
1101,-2.4936524817065644
1102,-2.4894208378470393
1103,-11.49362894432695
1104,-11.493593973619166
1105,-2.4510223974400023
1106,-2.3639511040000043
1107,-2.418370662400003
1108,-2.4510223974400023
1109,-11.418370662399994
1110,-11.418370662399994
1111,0.0
1112,0.0
1113,0.0
1114,0.0
1115,0.0
1116,0.0
1117,-2.4510223974400023
1118,-2.3639511040000043
1119,-2.418370662399907
1120,-2.4510223974399974
1121,-11.418370662399889
1122,-11.41837066238281
1123,-2.27325184
1124,-1.8701440000000038
1125,-2.1220864
1126,-2.27325184
1127,-11.122086399999999
1128,-11.122086399999999
1129,-2.4510223974400023
1130,-2.482368016196817
1131,-2.4706133994221897
1132,-2.4510223974400023
1133,-11.470590647426246
1134,-11.470598409746472
1135,-2.4936525027082266
1136,-2.4977148311298794
1137,-2.496191492665085
1138,-2.4936525027082266
1139,-11.496174701552219
1140,-11.496190381439424
1141,0.0
1142,0.0
1143,0.0
1144,0.0
1145,0.0
1146,0.0
1147,-2.4894208378470393
1148,-2.496191436905806
1149,-2.4936524575795467
1150,-2.4894208378470393
1151,-11.493641671180256
1152,-11.493598916969816
1153,-2.451022397439998
1154,-2.4823680361590923
1155,-2.4706133993846806
1156,-2.4510223974400023
1157,-11.470605454763422
1158,-11.470601313896895
1159,-2.3639511040000003
1160,-2.451022053671081
1161,-2.418370615349014
1162,-2.3639511040000003
1163,-11.418299290750307
1164,-11.418361012462082
1165,-2.451022397439998
1166,-2.4823680231619467
1167,-2.4706134323820055
1168,-2.4510223974400023
1169,-11.47059643855087
1170,-11.470603658406137
1171,0.0
1172,0.0
1173,0.0
1174,0.0
1175,0.0
1176,0.0
1177,-1.8701440000000038
1178,-2.27325184
1179,-2.1220864
1180,-1.8701440000000038
1181,-11.122086399999999
1182,-11.122086399999999
1183,2.3599999990078024
1184,10.999999999999991
1185,5.599999996237169
1186,2.359999998200953
1187,-3.3999999917762183
1188,-3.3999999977580284
1189,-1.8701440000000038
1190,-2.27325184
1191,-2.1220864
1192,-1.8701440000000038
1193,-11.122086399999999
1194,-11.122086399999999
1195,0.41599999999999737
1196,-1.450240000000002
1197,-0.7504000000000028
1198,0.41599999999999737
1199,-9.750399999999994
1200,-9.750399999999994
1201,0.0
1202,0.0
1203,0.0
1204,0.0
1205,0.0
1206,0.0
1207,-2.470613438461963
1208,-2.418370662400007
1209,-2.4706134384606284
1210,-2.451022397439758
1211,-11.45102239652536
1212,-11.4510223969961
1213,-2.2732518399931707
1214,-1.8701440000000038
1215,-2.2732518399651354
1216,-2.1220863999772264
1217,-11.122086399954435
1218,-11.122086397900764
1219,-2.4510223974283516
1220,-2.3639511040000043
1221,-2.4510223973999468
1222,-2.418370662389955
1223,-11.418370659191838
1224,-11.418370659777105
1225,-2.49619150162493
1226,-2.49619150162493
1227,-2.4894208378470393
1228,-2.493652502708222
1229,-11.493652502708217
1230,-11.493652502708127
1231,0.0
1232,0.0
1233,0.0
1234,0.0
1235,0.0
1236,0.0
1237,-2.49619150162493
1238,-2.49619150162493
1239,-2.4894208378470393
1240,-2.493652502708222
1241,-11.493652502708198
1242,-11.493652502708187
1243,-2.482368063078398
1244,-2.482368063078398
1245,-2.451022397439998
1246,-2.4706134384639964
1247,-11.470613438463987
1248,-11.470613438463616
1249,-1.8701440000000038
1250,-2.27325184
1251,-2.27325184
1252,-2.1220864
1253,-11.122086399999999
1254,-11.122086399999999
1255,-2.418370662400007
1256,-2.470613438464001
1257,-2.470613438464001
1258,-2.4510223974400023
1259,-11.451022397439997
1260,-11.451022397439997
1261,0.0
1262,0.0
1263,0.0
1264,0.0
1265,0.0
1266,0.0
1267,-2.3639511040000043
1268,-2.4510223974400023
1269,-2.4510223974400023
1270,-2.418370662400003
1271,-11.418370662400003
1272,-11.418370662400003
1273,-2.4894208378470393
1274,-2.4894208378470393
1275,-2.470613438464001
1276,-2.482368063078398
1277,-11.482368063078097
1278,-11.482368063078027
1279,-2.470613438464001
1280,-2.470613438464001
1281,-2.418370662400003
1282,-2.4510223974399983
1283,-11.451022397439978
1284,-11.451022397439997
1285,-2.489420837847039
1286,-2.4894208378470393
1287,-2.470613438464001
1288,-2.482368063078398
1289,-11.482368063078372
1290,-11.482368063078034
1291,0.0
1292,0.0
1293,0.0
1294,0.0
1295,0.0
1296,0.0
1297,0.41599999999999737
1298,5.599999999999993
1299,0.41599999999999737
1300,2.3599999999999963
1301,-6.640000000000003
1302,-6.640000000000003
1303,-2.1220864
1304,-2.1220864
1305,-1.450240000000004
1306,-1.8701440000000038
1307,-10.87014399999999
1308,-10.87014399999999
1309,5.599999999999993
1310,0.41599999999999737
1311,0.41599999999999737
1312,2.3599999999999963
1313,-6.640000000000003
1314,-6.640000000000003
1315,-1.8701440000000018
1316,-1.8701440000000018
1317,-0.7504000000000028
1318,-1.450240000000004
1319,-10.450239999999992
1320,-10.450239999999992
1321,0.0
1322,0.0
1323,0.0
1324,0.0
1325,0.0
1326,0.0
1327,-2.482368063078398
1328,-2.4510223974400023
1329,-2.482368063078398
1330,-2.4510223974400063
1331,-11.470613438463989
1332,-11.470613438463989
1333,-2.3639511040000003
1334,-2.122086400000004
1335,-2.3639511040000003
1336,-2.122086400000004
1337,-11.273251839999995
1338,-11.273251839999995
1339,-2.470613438464001
1340,-2.418370662400007
1341,-2.470613438464001
1342,-2.418370662400007
1343,-11.451022397439997
1344,-11.451022397439997
1345,-2.493652502708222
1346,-2.493652502708222
1347,-2.482368063078398
1348,-2.493652502708222
1349,-11.48942083784703
1350,-11.48942083784703
1351,0.0
1352,0.0
1353,0.0
1354,0.0
1355,0.0
1356,0.0
1357,-2.493652502708222
1358,-2.493652502708222
1359,-2.482368063078398
1360,-2.493652502708222
1361,-11.48942083784703
1362,-11.48942083784703
1363,-2.4706134384639964
1364,-2.4706134384639964
1365,-2.4183706623999988
1366,-2.4706134384639964
1367,-11.451022397439997
1368,-11.451022397439997
1369,-2.3639511040000003
1370,-2.3639511040000003
1371,-2.3639511040000003
1372,-2.122086400000004
1373,-11.273251839999995
1374,-11.273251839999995
1375,-2.4823680630784026
1376,-2.482368063078398
1377,-2.4823680630784026
1378,-2.4510223974400063
1379,-11.470613438464005
1380,-11.470613438464005
1381,0.0
1382,0.0
1383,0.0
1384,0.0
1385,0.0
1386,0.0
1387,-2.470613438464001
1388,-2.470613438464001
1389,-2.470613438464001
1390,-2.418370662400007
1391,-11.451022397439997
1392,-11.451022397439997
1393,-2.482368063078398
1394,-2.482368063078398
1395,-2.4510223974400063
1396,-2.482368063078398
1397,-11.470613438464005
1398,-11.470613438464005
1399,-2.451022397439998
1400,-2.4510223974400023
1401,-2.3639511040000043
1402,-2.4510223974400023
1403,-11.418370662400003
1404,-11.418370662400003
1405,-2.482368063078398
1406,-2.482368063078398
1407,-2.4510223974400063
1408,-2.482368063078398
1409,-11.470613438464005
1410,-11.470613438464005
1411,0.0
1412,0.0
1413,0.0
1414,0.0
1415,0.0
1416,0.0
1417,-0.7504000000000028
1418,2.3599999999999963
1419,-0.7504000000000028
1420,2.3599999999999963
1421,-8.583999999999994
1422,-8.583999999999994
1423,-1.8701440000000038
1424,-1.8701440000000038
1425,-0.7504000000000028
1426,-1.8701440000000018
1427,-10.450239999999992
1428,-10.450239999999992
1429,-0.7504000000000028
1430,-0.7504000000000028
1431,-0.7504000000000028
1432,2.3599999999999963
1433,-8.583999999999994
1434,-8.583999999999994
1435,-1.450240000000004
1436,-1.450240000000004
1437,0.41599999999999737
1438,-1.450240000000002
1439,-9.750399999999994
1440,-9.750399999999994
1441,0.0
1442,0.0
1443,0.0
1444,0.0
1445,0.0
1446,0.0
1447,-2.4894208378470393
1448,-2.4894208378470393
1449,-2.4894208378470393
1450,-2.470613438464001
1451,-11.482368063078402
1452,-11.482368063078402
1453,-2.4183706623999988
1454,-2.4183706623999988
1455,-2.418370662400003
1456,-2.273251840000004
1457,-11.363951104
1458,-11.363951104
1459,-2.482368063078398
1460,-2.482368063078398
1461,-2.482368063078398
1462,-2.4510223974400023
1463,-11.470613438463989
1464,-11.470613438463989
1465,-2.4894208378470393
1466,-2.470613438464001
1467,-2.470613438464001
1468,-2.4894208378470393
1469,-11.482368063078402
1470,-11.482368063078402
1471,0.0
1472,0.0
1473,0.0
1474,0.0
1475,0.0
1476,0.0
1477,-2.4894208378470393
1478,-2.470613438464001
1479,-2.470613438464001
1480,-2.4894208378470393
1481,-11.482368063078402
1482,-11.482368063078402
1483,-2.451022397439998
1484,-2.3639511040000003
1485,-2.3639511040000003
1486,-2.451022397439998
1487,-11.418370662400003
1488,-11.418370662400003
1489,-2.4183706623999988
1490,-2.418370662400003
1491,-2.418370662400003
1492,-2.273251840000004
1493,-11.363951104
1494,-11.363951104
1495,-2.4894208378470393
1496,-2.4894208378470437
1497,-2.4894208378470437
1498,-2.470613438464005
1499,-11.482368063078402
1500,-11.482368063078402
1501,0.0
1502,0.0
1503,0.0
1504,0.0
1505,0.0
1506,0.0
1507,-2.482368063078398
1508,-2.4823680630784026
1509,-2.4823680630784026
1510,-2.4510223974400063
1511,-11.470613438464005
1512,-11.470613438464005
1513,-2.470613438464001
1514,-2.470613438464001
1515,-2.418370662400007
1516,-2.470613438464001
1517,-11.451022397439997
1518,-11.451022397439997
1519,-2.4183706623999988
1520,-2.4183706623999988
1521,-2.273251840000004
1522,-2.418370662400003
1523,-11.363951104
1524,-11.363951104
1525,-2.470613438464001
1526,-2.470613438464001
1527,-2.418370662400007
1528,-2.470613438464001
1529,-11.451022397439997
1530,-11.451022397439997
1531,0.0
1532,0.0
1533,0.0
1534,0.0
1535,0.0
1536,0.0
1537,-1.450240000000004
1538,-1.450240000000004
1539,-1.450240000000002
1540,0.41599999999999737
1541,-9.750399999999994
1542,-9.750399999999994
1543,-1.450240000000004
1544,0.41599999999999737
1545,0.41599999999999737
1546,-1.450240000000002
1547,-9.750399999999994
1548,-9.750399999999994
1549,-1.450240000000004
1550,-1.450240000000004
1551,-1.450240000000004
1552,0.41599999999999737
1553,-9.750399999999994
1554,-9.750399999999994
1555,-0.7504000000000028
1556,-0.7504000000000028
1557,2.3599999999999963
1558,-0.7504000000000028
1559,-8.583999999999994
1560,-8.583999999999994
1561,0.0
1562,0.0
1563,0.0
1564,0.0
1565,0.0
1566,0.0
1567,-2.493652502708222
1568,-2.493652502708222
1569,-2.493652502708222
1570,-2.482368063078398
1571,-11.48942083784703
1572,-11.48942083784703
1573,-2.4510223974400023
1574,-2.451022397439998
1575,-2.4510223974400023
1576,-2.3639511040000043
1577,-11.418370662400003
1578,-11.418370662400003
1579,-2.4894208378470393
1580,-2.4894208378470393
1581,-2.4894208378470393
1582,-2.470613438464001
1583,-11.482368063078402
1584,-11.482368063078402
1585,-2.4823680630479443
1586,-2.4510223974400023
1587,-2.4510223974400023
1588,-2.482368063075758
1589,-11.470613436874924
1590,-11.470613437528133
1591,0.0
1592,0.0
1593,0.0
1594,0.0
1595,0.0
1596,0.0
1597,-2.4823680630569993
1598,-2.4510223974400023
1599,-2.4510223974400023
1600,-2.4823680630354428
1601,-11.470613435205344
1602,-11.470613432867896
1603,-2.4183706620496888
1604,-2.273251840000004
1605,-2.2732518400000323
1606,-2.4183706615167138
1607,-11.36395110040904
1608,-11.363951082804885
1609,-2.4510223974400023
1610,-2.4510223974400023
1611,-2.4510223974400023
1612,-2.3639511040000043
1613,-11.418370662400003
1614,-11.418370662400003
1615,-2.4936525027082266
1616,-2.4936525027082266
1617,-2.4936525027082266
1618,-2.4823680630784066
1619,-11.489420837847032
1620,-11.489420837847032
1621,0.0
1622,0.0
1623,0.0
1624,0.0
1625,0.0
1626,0.0
1627,-2.4894208378470393
1628,-2.4894208378470393
1629,-2.4894208378470393
1630,-2.470613438464005
1631,-11.482368063078402
1632,-11.482368063078402
1633,-2.3639511040000043
1634,-2.4510223974400023
1635,-2.451022397439998
1636,-2.4510223974400023
1637,-11.418370662400003
1638,-11.418370662400003
1639,-2.122086400000004
1640,-2.3639511040000003
1641,-2.3639511040000003
1642,-2.3639511040000003
1643,-11.273251839999995
1644,-11.273251839999995
1645,-2.3639511040000043
1646,-2.4510223974400023
1647,-2.451022397439998
1648,-2.4510223974400023
1649,-11.418370662400003
1650,-11.418370662400003
1651,0.0
1652,0.0
1653,0.0
1654,0.0
1655,0.0
1656,0.0
1657,-1.8701440000000018
1658,-1.8701440000000018
1659,-1.8701440000000038
1660,-0.7504000000000028
1661,-10.450239999999992
1662,-10.450239999999992
1663,-0.7504000000000028
1664,2.3599999999999963
1665,2.3599999999999963
1666,-0.7504000000000028
1667,-8.583999999999994
1668,-8.583999999999994
1669,-1.8701440000000018
1670,-1.8701440000000018
1671,-1.8701440000000038
1672,-0.7504000000000028
1673,-10.450239999999992
1674,-10.450239999999992
1675,5.599999999999993
1676,0.41599999999999737
1677,0.41599999999999737
1678,0.41599999999999737
1679,-6.640000000000003
1680,-6.640000000000003
1681,0.0
1682,0.0
1683,0.0
1684,0.0
1685,0.0
1686,0.0
1687,-2.49619150162493
1688,-2.49619150162493
1689,-2.493652502708222
1690,-2.4894208378470393
1691,-11.493652502708178
1692,-11.493652502708208
1693,-2.4706134381337024
1694,-2.470613438348948
1695,-2.4510223973871708
1696,-2.418370662400003
1697,-11.451022387044048
1698,-11.45102232902629
1699,-2.493652502708222
1700,-2.493652502708222
1701,-2.4894208378470393
1702,-2.482368063078398
1703,-11.489420837847018
1704,-11.489420837846398
1705,-2.4706134384435527
1706,-2.418370662400007
1707,-2.4510223974011582
1708,-2.4706134382858527
1709,-11.451022370367452
1710,-11.451022396309458
1711,0.0
1712,0.0
1713,0.0
1714,0.0
1715,0.0
1716,0.0
1717,-2.4706134384206444
1718,-2.418370662400007
1719,-2.451022397339277
1720,-2.4706134383779306
1721,-11.451022396416754
1722,-11.451022381279353
1723,-2.363951103856512
1724,-2.122086400000004
1725,-2.2732518399953996
1726,-2.3639511039493795
1727,-11.273251839573003
1728,-11.273251824624392
1729,-2.470613438464001
1730,-2.470613438464001
1731,-2.4510223974400023
1732,-2.418370662400003
1733,-11.451022397439857
1734,-11.451022397439958
1735,-2.4961915016249345
1736,-2.4961915016249345
1737,-2.4936525027082266
1738,-2.4894208378470437
1739,-11.49365250270688
1740,-11.493652502707887
1741,0.0
1742,0.0
1743,0.0
1744,0.0
1745,0.0
1746,0.0
1747,-2.493652502708222
1748,-2.493652502708222
1749,-2.4894208378470393
1750,-2.4823680630784026
1751,-11.489420837847026
1752,-11.48942083781181
1753,-2.4183706623999988
1754,-2.470613437176524
1755,-2.4510223973919163
1756,-2.418370662400003
1757,-11.451022388937425
1758,-11.451022373531305
1759,-2.27325184
1760,-2.4183706619694063
1761,-2.3639511038642707
1762,-2.27325184
1763,-11.363951097153802
1764,-11.363951093495173
1765,-2.4183706623999988
1766,-2.4706134383675225
1767,-2.451022397434103
1768,-2.418370662400003
1769,-11.451022393349335
1770,-11.451022373368103
1771,0.0
1772,0.0
1773,0.0
1774,0.0
1775,0.0
1776,0.0
1777,-2.1220864
1778,-2.1220864
1779,-1.8701440000000018
1780,-1.450240000000004
1781,-10.87014399999999
1782,-10.87014399999999
1783,0.4158214869393103
1784,5.599999999999993
1785,2.359742567395446
1786,0.4159323979503038
1787,-6.639746871632172
1788,-6.639613325205193
1789,-2.1220864
1790,-2.1220864
1791,-1.8701440000000038
1792,-1.450240000000004
1793,-10.87014399999999
1794,-10.87014399999999
1795,2.3599999999999963
1796,-0.7504000000000008
1797,0.41599999999999737
1798,2.3599999999999963
1799,-8.583999999999994
1800,-8.583999999999994
1801,0.0
1802,0.0
1803,0.0
1804,0.0
1805,0.0
1806,0.0
1807,-2.482368055052362
1808,-2.4510223974400023
1809,-2.4706134340800685
1810,-2.470613264711558
1811,-11.470609634950165
1812,-11.47060221428784
1813,-2.363950976683423
1814,-2.122086400000004
1815,-2.2732513879363485
1816,-2.2732517236606102
1817,-11.273243224602066
1818,-11.273050604114033
1819,-2.4706134324089
1820,-2.418370662400003
1821,-2.45102226924598
1822,-2.451022293055893
1823,-11.450987446174075
1824,-11.4510041072771
1825,-2.497714884235656
1826,-2.493652502708222
1827,-2.496191499584918
1828,-2.4961914944687935
1829,-11.496178044541136
1830,-11.496189815489927
1831,0.0
1832,0.0
1833,0.0
1834,0.0
1835,0.0
1836,0.0
1837,-2.4977148992609397
1838,-2.493652502708222
1839,-2.496191497437492
1840,-2.4961914987915863
1841,-11.496188686108283
1842,-11.496190793807626
1843,-2.489420817714253
1844,-2.4706134384639964
1845,-2.4823680467804943
1846,-2.4823680584020504
1847,-11.482336440589023
1848,-11.482359199609927
1849,-1.450240000000004
1850,-2.1220864
1851,-1.8701440000000038
1852,-1.8701440000000038
1853,-10.87014399999999
1854,-10.87014399999999
1855,-2.3639511040000043
1856,-2.4510223974400023
1857,-2.418370662400003
1858,-2.418370662400003
1859,-11.418370662400003
1860,-11.418370662400003
1861,0.0
1862,0.0
1863,0.0
1864,0.0
1865,0.0
1866,0.0
1867,-2.273251840000004
1868,-2.418370662400003
1869,-2.3639511040000003
1870,-2.3639511040000003
1871,-11.363951104
1872,-11.363951104
1873,-2.4936524533636337
1874,-2.482368063078398
1875,-2.489420660882903
1876,-2.489420834903084
1877,-11.48941370821535
1878,-11.489405762388973
1879,-2.482367855191536
1880,-2.4510223974400023
1881,-2.4706133994690647
1882,-2.4706134176588304
1883,-11.470608286755947
1884,-11.470590330535913
1885,-2.4936524617705116
1886,-2.482368063078398
1887,-2.4894208131801836
1888,-2.4894208368108868
1889,-11.489405496061227
1890,-11.48941441947659
1891,0.0
1892,0.0
1893,0.0
1894,0.0
1895,0.0
1896,0.0
1897,-0.7504000000000008
1898,2.3599999999999963
1899,0.41599999999999737
1900,0.41599999999999737
1901,-8.583999999999994
1902,-8.583999999999994
1903,-2.27325184
1904,-1.8701440000000038
1905,-2.122086400000004
1906,-2.1220864
1907,-11.122086399999999
1908,-11.122086399999999
1909,10.999999999999991
1910,2.3599999999999963
1911,5.599999999999993
1912,5.599999999999993
1913,-3.400000000000006
1914,-3.400000000000006
1915,-2.1220864
1916,-1.450240000000004
1917,-1.8701440000000038
1918,-1.8701440000000038
1919,-10.87014399999999
1920,-10.87014399999999
1921,0.0
1922,0.0
1923,0.0
1924,0.0
1925,0.0
1926,0.0
1927,-2.489420837468611
1928,-2.470613438464001
1929,-2.4894208347320967
1930,-2.4823680626243156
1931,-11.48236736501763
1932,-11.482367716359315
1933,-2.418370661180825
1934,-2.27325184
1935,-2.418370641570527
1936,-2.3639510381454603
1937,-11.363943971109517
1938,-11.363950738446206
1939,-2.482368053533531
1940,-2.4510223974400023
1941,-2.4823680626486455
1942,-2.470613435936905
1943,-11.47061286710132
1944,-11.470612356144823
1945,-2.4961915002823205
1946,-2.4894208378470393
1947,-2.4894208378470393
1948,-2.493652483224082
1949,-11.493651321284784
1950,-11.493650410511757
1951,0.0
1952,0.0
1953,0.0
1954,0.0
1955,0.0
1956,0.0
1957,-2.496191500857347
1958,-2.4894208378470393
1959,-2.4894208378470393
1960,-2.4936524942347127
1961,-11.493650215823168
1962,-11.493646652603683
1963,-2.482367368414812
1964,-2.451022397439998
1965,-2.451022397439998
1966,-2.4706134325421534
1967,-11.470596303867163
1968,-11.470606345657709
1969,-2.4183706539452885
1970,-2.273251840000004
1971,-2.418370657435049
1972,-2.3639510982566585
1973,-11.363950149337349
1974,-11.363950339766166
1975,-2.4894208375664073
1976,-2.470613438464005
1977,-2.4894208365101607
1978,-2.482368062748764
1979,-11.482366998528299
1980,-11.482367917143709
1981,0.0
1982,0.0
1983,0.0
1984,0.0
1985,0.0
1986,0.0
1987,-2.482368062086652
1988,-2.4510223974400063
1989,-2.4823680571466573
1990,-2.4706134378249214
1991,-11.470611136643498
1992,-11.470612470487826
1993,-2.489420784828761
1994,-2.470613438464001
1995,-2.470613438464001
1996,-2.482368053448398
1997,-11.482366695307046
1998,-11.482349454823916
1999,-2.4706133775980814
2000,-2.418370662400003
2001,-2.4183706623999988
2002,-2.4510222680465987
2003,-11.450997411967762
2004,-11.451016692740762
2005,-2.489420758808777
2006,-2.470613438464001
2007,-2.470613438464001
2008,-2.482368048318747
2009,-11.482361689491308
2010,-11.482362855088297
2011,0.0
2012,0.0
2013,0.0
2014,0.0
2015,0.0
2016,0.0
2017,-1.4506382637211863
2018,0.41599999999999737
2019,-1.4492645410054945
2020,-0.750957266062179
2021,-9.682010044303839
2022,-9.721539192572525
2023,-2.1015448361918794
2024,-1.450240000000004
2025,-1.4509393826169406
2026,-1.8691099432079568
2027,-10.859584338123891
2028,-10.824158398199572
2029,-1.4520245103387677
2030,0.41599999999999737
2031,-1.4491282064425495
2032,-0.7508250107324399
2033,-9.733735817705373
2034,-9.72915898713029
2035,-1.8624164497569158
2036,-0.7504000000000028
2037,-0.7524325875608777
2038,-1.4497067098060965
2039,-10.35870172575139
2040,-10.431478182037436
2041,0.0
2042,0.0
2043,0.0
2044,0.0
2045,0.0
2046,0.0
2047,-2.493652466248346
2048,-2.482368063078398
2049,-2.489420758740196
2050,-2.482368063078398
2051,-11.489416651943728
2052,-11.489416597474406
2053,-2.4510223592338387
2054,-2.3639511040000003
2055,-2.418370653779856
2056,-2.3639511040000003
2057,-11.418369205047409
2058,-11.418368449578265
2059,-2.489420802350173
2060,-2.470613438464001
2061,-2.48236804243032
2062,-2.470613438464001
2063,-11.482364665985509
2064,-11.482367094521296
2065,-2.4936525013180155
2066,-2.482368063078398
2067,-2.489420837674922
2068,-2.493652500402331
2069,-11.4894205008669
2070,-11.489415674715268
2071,0.0
2072,0.0
2073,0.0
2074,0.0
2075,0.0
2076,0.0
2077,-2.4936524992812563
2078,-2.482368063078398
2079,-2.489420837096348
2080,-2.4936525010136856
2081,-11.489417317968472
2082,-11.489419760218036
2083,-2.4706134284039245
2084,-2.4183706623999988
2085,-2.4510223967002287
2086,-2.4706134068011623
2087,-11.45102205190345
2088,-11.451021830037929
2089,-2.4510217492185573
2090,-2.3639511040000003
2091,-2.4183705417194763
2092,-2.3639511040000003
2093,-11.418354358414947
2094,-11.418368176449881
2095,-2.4936524935912536
2096,-2.4823680630784026
2097,-2.4894208305596286
2098,-2.4823680630784026
2099,-11.48941965423448
2100,-11.489419524553584
2101,0.0
2102,0.0
2103,0.0
2104,0.0
2105,0.0
2106,0.0
2107,-2.489420815435721
2108,-2.470613438464001
2109,-2.4823680596639854
2110,-2.470613438464001
2111,-11.482366434443772
2112,-11.482366429012547
2113,-2.482368061647163
2114,-2.4510223974400023
2115,-2.470613437657987
2116,-2.482368054065779
2117,-11.470594996504616
2118,-11.470613193718656
2119,-2.4510223974399046
2120,-2.3639511040000003
2121,-2.418370662399982
2122,-2.4510223974399072
2123,-11.418370662395246
2124,-11.418370662399829
2125,-2.482368060304497
2126,-2.4510223974400023
2127,-2.4706134352820626
2128,-2.482368058519557
2129,-11.470609943028517
2130,-11.470613291596663
2131,0.0
2132,0.0
2133,0.0
2134,0.0
2135,0.0
2136,0.0
2137,-1.8606089155883438
2138,-0.7504000000000028
2139,-1.4465278577549476
2140,-0.7517606786031128
2141,-10.426789431698737
2142,-10.429311277699215
2143,-1.8698083738957232
2144,-0.7504000000000028
2145,-1.4501937339371476
2146,-1.8694890964709354
2147,-10.434953538718938
2148,-10.324606432446902
2149,-1.8653204855506098
2150,-0.7504000000000028
2151,-1.4500755716300013
2152,-0.7564196257128113
2153,-10.436517047515103
2154,-10.431404137372477
2155,-1.4512201275735686
2156,0.41599999999999737
2157,-0.7512675255644907
2158,-1.4494123050887906
2159,-9.74294662709736
2160,-9.733129215120117
2161,0.0
2162,0.0
2163,0.0
2164,0.0
2165,0.0
2166,0.0
2167,-2.496191500349031
2168,-2.4894208378470393
2169,-2.496191500827786
2170,-2.4936525022316953
2171,-11.493645209247068
2172,-11.493651418364374
2173,-2.4706130232733146
2174,-2.418370662400003
2175,-2.470613437131316
2176,-2.4510223286716233
2177,-11.451022123032473
2178,-11.451016518540632
2179,-2.4936524941304348
2180,-2.482368063078398
2181,-2.493652502234323
2182,-2.4894208138325977
2183,-11.48940869048345
2184,-11.489418774657011
2185,-2.4894208166336766
2186,-2.470613438464001
2187,-2.470613438464001
2188,-2.482368057919651
2189,-11.482350931343364
2190,-11.482333060362413
2191,0.0
2192,0.0
2193,0.0
2194,0.0
2195,0.0
2196,0.0
2197,-2.4894207438480125
2198,-2.470613438464001
2199,-2.470613438464001
2200,-2.482367857822969
2201,-11.482336569764158
2202,-11.482333168261444
2203,-2.451022112638949
2204,-2.3639511040000003
2205,-2.3639511040000003
2206,-2.4183702699908096
2207,-11.418323513708707
2208,-11.418368609645494
2209,-2.4706133641603185
2210,-2.418370662400007
2211,-2.47061343389316
2212,-2.451022392528305
2213,-11.451018585463078
2214,-11.451022279841569
2215,-2.4961915013877283
2216,-2.4894208378470437
2217,-2.496191501454939
2218,-2.493652498862107
2219,-11.493651993617078
2220,-11.49364666231137
2221,0.0
2222,0.0
2223,0.0
2224,0.0
2225,0.0
2226,0.0
2227,-2.4936524947240413
2228,-2.4823680630784026
2229,-2.49365249554715
2230,-2.4894208338395982
2231,-11.489417384424952
2232,-11.489419184872968
2233,-2.273251840000004
2234,-2.418370662400003
2235,-2.4183706623999988
2236,-2.3639511040000003
2237,-11.363951104
2238,-11.363951104
2239,-1.8701440000000038
2240,-2.27325184
2241,-2.27325184
2242,-2.1220864
2243,-11.122086399999999
2244,-11.122086399999999
2245,-2.273251840000004
2246,-2.418370662400003
2247,-2.4183706623999988
2248,-2.3639511040000003
2249,-11.363951104
2250,-11.363951104
2251,0.0
2252,0.0
2253,0.0
2254,0.0
2255,0.0
2256,0.0
2257,-2.1220864
2258,-1.450240000000004
2259,-2.1220864
2260,-1.8701440000000038
2261,-10.87014399999999
2262,-10.87014399999999
2263,-1.450240000000002
2264,0.41599999999999737
2265,0.41599999999999737
2266,-0.7504000000000028
2267,-9.750399999999994
2268,-9.750399999999994
2269,-2.1220864
2270,-1.450240000000004
2271,-2.1220864
2272,-1.8701440000000038
2273,-10.87014399999999
2274,-10.87014399999999
2275,10.999999999999991
2276,2.3599999999999963
2277,2.3599999999999963
2278,5.599999999999993
2279,-3.400000000000006
2280,-3.400000000000006
2281,0.0
2282,0.0
2283,0.0
2284,0.0
2285,0.0
2286,0.0
2287,-2.4977148628715997
2288,-2.493652502708222
2289,-2.4961915001514714
2290,-2.493652502708222
2291,-11.496189410119248
2292,-11.496187187349465
2293,-2.4823679724974435
2294,-2.4510223974400023
2295,-2.470613298708656
2296,-2.4510223974400023
2297,-11.470610680289361
2298,-11.470581826731586
2299,-2.496191487639957
2300,-2.4894208378470393
2301,-2.49365247625115
2302,-2.4894208378470393
2303,-11.49361637977038
2304,-11.493617634692441
2305,-2.482368053255077
2306,-2.4510223974400023
2307,-2.470613424691394
2308,-2.482368050688076
2309,-11.470611966891195
2310,-11.470612725694245
2311,0.0
2312,0.0
2313,0.0
2314,0.0
2315,0.0
2316,0.0
2317,-2.482368036426163
2318,-2.4510223974400023
2319,-2.470613409205639
2320,-2.482368047905919
2321,-11.470612653761872
2322,-11.470612924317088
2323,-2.418370522423407
2324,-2.273251840000004
2325,-2.3639510723924926
2326,-2.418370572448284
2327,-11.363949282054621
2328,-11.363945945896077
2329,-2.48236801668806
2330,-2.4510223974400023
2331,-2.4706133993900194
2332,-2.4510223974400023
2333,-11.47058538129225
2334,-11.470592295624478
2335,-2.4977148909914693
2336,-2.4936525027082266
2337,-2.4961914881251652
2338,-2.4936525027082266
2339,-11.496187182080078
2340,-11.496179351683349
2341,0.0
2342,0.0
2343,0.0
2344,0.0
2345,0.0
2346,0.0
2347,-2.496191487185064
2348,-2.4894208378470393
2349,-2.493652494709995
2350,-2.4894208378470393
2351,-11.493635085843227
2352,-11.493643752792979
2353,-2.3639511040000043
2354,-2.4510223974399667
2355,-2.418370662399995
2356,-2.3639511040000003
2357,-11.418370662393482
2358,-11.418370662383506
2359,-2.1220864
2360,-2.3639511039999204
2361,-2.273251839999916
2362,-2.1220864
2363,-11.273251839994828
2364,-11.273251839999915
2365,-2.3639511040000043
2366,-2.4510223974399694
2367,-2.4183706623999988
2368,-2.3639511040000003
2369,-11.418370662399226
2370,-11.41837066239818
2371,0.0
2372,0.0
2373,0.0
2374,0.0
2375,0.0
2376,0.0
2377,-2.2730271813474867
2378,-1.8701960871773762
2379,-2.121738362020883
2380,-1.8701440000000038
2381,-11.118298956811776
2382,-11.109886652901986
2383,-0.7504572269990304
2384,2.3599999999999963
2385,0.4116147359049137
2386,-0.7502746452534783
2387,-8.571955042005198
2388,-8.576230579871165
2389,-2.2731098021400835
2390,-1.8701653371028593
2391,-2.1215758778298808
2392,-1.8701440000000038
2393,-11.116285498544267
2394,-11.113231157560774
2395,5.599999999999993
2396,0.41599999999999737
2397,2.3599999999999963
2398,5.599999999999993
2399,-6.640000000000003
2400,-6.640000000000003
2401,0.0
2402,0.0
2403,0.0
2404,0.0
2405,0.0
2406,0.0
2407,-2.482350268844279
2408,-2.470613438464001
2409,-2.482359657425585
2410,-2.4823579609890833
2411,-11.476303053743628
2412,-11.468176776201174
2413,-2.3637698507895943
2414,-2.27325184
2415,-2.363730698912851
2416,-2.3638889260141682
2417,-11.35995487020558
2418,-11.281283475486976
2419,-2.4705866362592364
2420,-2.4510223974400023
2421,-2.470605001961251
2422,-2.470515079685623
2423,-11.467949178139698
2424,-11.469213782379132
2425,-2.4977141652315793
2426,-2.49619150162493
2427,-2.4977135842275984
2428,-2.497711810077386
2429,-11.473426906146031
2430,-11.492274974501209
2431,0.0
2432,0.0
2433,0.0
2434,0.0
2435,0.0
2436,0.0
2437,-2.4977134176087596
2438,-2.49619150162493
2439,-2.4977114762705863
2440,-2.4977130995946
2441,-11.497307010841542
2442,-11.493657076253305
2443,-2.489418392244054
2444,-2.482368063078398
2445,-2.4894118414916058
2446,-2.489418356476076
2447,-11.470035642713954
2448,-11.478768318898586
2449,-1.450240000000004
2450,-1.8701440000000018
2451,-1.450240000000004
2452,-1.450240000000004
2453,-0.7504000000000028
2454,-10.450239999999992
2455,-2.3639511040000003
2456,-2.418370662400003
2457,-2.3639511040000003
2458,-2.3639511040000003
2459,-2.273251840000004
2460,-11.363951104
2461,0.0
2462,0.0
2463,0.0
2464,0.0
2465,0.0
2466,0.0
2467,-2.27325184
2468,-2.3639511040000003
2469,-2.27325184
2470,-2.27325184
2471,-2.122086400000004
2472,-11.273251839999995
2473,-2.493643151812457
2474,-2.4894208378470393
2475,-2.4936461927558917
2476,-2.493639776707154
2477,-11.48964151784911
2478,-11.488977625072884
2479,-2.4823417854335537
2480,-2.470613438464001
2481,-2.4823527808706873
2482,-2.4823557061725823
2483,-11.478345352900758
2484,-11.479175678251753
2485,-2.4936466818014225
2486,-2.4894208378470393
2487,-2.493643121276192
2488,-2.4936483930495053
2489,-11.492098126849514
2490,-11.483410874979109
2491,0.0
2492,0.0
2493,0.0
2494,0.0
2495,0.0
2496,0.0
2497,-0.7504000000000028
2498,0.41599999999999737
2499,-0.7504000000000028
2500,-0.7504000000000028
2501,-9.750399999999994
2502,-1.450240000000002
2503,-2.27325184
2504,-2.122086400000004
2505,-2.27325184
2506,-2.27325184
2507,-11.273251839999995
2508,-2.3639511040000003
2509,10.999999999999991
2510,5.599999999999993
2511,10.999999999999991
2512,10.999999999999991
2513,1.9999999999999922
2514,19.99999999999999
2515,-2.122086400000004
2516,-1.8701440000000038
2517,-2.122086400000004
2518,-2.122086400000004
2519,-11.122086399999999
2520,-2.27325184
2521,0.0
2522,0.0
2523,0.0
2524,0.0
2525,0.0
2526,0.0
2527,-2.489417368571217
2528,-2.482368063078398
2529,-2.4936411867659793
2530,-2.489407473471057
2531,-11.478032252763171
2532,-11.482690661804659
2533,-2.4183036604697135
2534,-2.3639511040000003
2535,-2.4509504104782924
2536,-2.418335197522474
2537,-11.410946983122667
2538,-11.415127486205172
2539,-2.482352476169284
2540,-2.470613438464001
2541,-2.4893675102352253
2542,-2.4823645335218716
2543,-11.481425684870601
2544,-11.48152011695088
2545,-2.4961755066992866
2546,-2.493652502708222
2547,-2.493652502708222
2548,-2.496184811030248
2549,-11.489426768970649
2550,-11.494219546576847
2551,0.0
2552,0.0
2553,0.0
2554,0.0
2555,0.0
2556,0.0
2557,-2.4961848597974563
2558,-2.493652502708222
2559,-2.493652502708222
2560,-2.4961820534025847
2561,-11.490653866125772
2562,-11.493278548406069
2563,-2.4823586513977065
2564,-2.4706134384639964
2565,-2.4706134384639964
2566,-2.4823509417419274
2567,-11.464926270819793
2568,-11.47617664314569
2569,-2.4182692586164216
2570,-2.3639511040000003
2571,-2.450956713017021
2572,-2.418212248194905
2573,-11.402740343132615
2574,-11.416625236253745
2575,-2.489417668598579
2576,-2.4823680630784026
2577,-2.4936352401777087
2578,-2.4894111461721384
2579,-11.480141380408421
2580,-11.48850333980059
2581,0.0
2582,0.0
2583,0.0
2584,0.0
2585,0.0
2586,0.0
2587,-2.4823443129158265
2588,-2.470613438464001
2589,-2.4894062774362675
2590,-2.4823542071545814
2591,-11.474694473915529
2592,-11.475468114749614
2593,-2.489407196478389
2594,-2.482368063078398
2595,-2.482368063078398
2596,-2.489390098125493
2597,-11.479053771170486
2598,-11.487053714872564
2599,-2.470576593840845
2600,-2.451022397439998
2601,-2.451022397439998
2602,-2.4706015892086772
2603,-11.468162946712875
2604,-11.46516436673696
2605,-2.489402662686141
2606,-2.482368063078398
2607,-2.482368063078398
2608,-2.4894041322519866
2609,-11.488512648762269
2610,-11.48797406762346
2611,0.0
2612,0.0
2613,0.0
2614,0.0
2615,0.0
2616,0.0
2617,-1.1957337816146394
2618,-0.7504438714113741
2619,-1.3972589890692997
2620,-1.1447840503477273
2621,-3.573609750210358
2622,-2.815427053905538
2623,-1.8994876476827816
2624,-1.8564336952789298
2625,-1.8561769831063821
2626,-1.8729501811411517
2627,-7.005403026698497
2628,-3.5842252393697613
2629,-1.314517457772929
2630,-0.7506051171902499
2631,-1.3876596081421033
2632,-1.3378862606488768
2633,-1.96
2634,-5.460817502890697
2635,-1.5180615598951814
2636,-1.4450766365690864
2637,-1.4451377513826897
2638,-1.5179815946340114
2639,-2.847743021943393
2640,-2.7626155619199997
2641,0.0
2642,0.0
2643,0.0
2644,0.0
2645,0.0
2646,0.0
2647,-2.493644754337857
2648,-2.4894208378470393
2649,-2.493648485893159
2650,-2.4894208378470393
2651,-11.487539733009136
2652,-11.483324098732483
2653,-2.4509482145654897
2654,-2.4183706623999988
2655,-2.451014505832061
2656,-2.4183706623999988
2657,-11.441878736763567
2658,-11.444324652805747
2659,-2.4894180765315324
2660,-2.482368063078398
2661,-2.4894105138730667
2662,-2.482368063078398
2663,-11.48198926491456
2664,-11.48494657974993
2665,-2.4936514737136033
2666,-2.4894208378470393
2667,-2.493650915104666
2668,-2.496182085873542
2669,-11.48430995582786
2670,-11.492242355317059
2671,0.0
2672,0.0
2673,0.0
2674,0.0
2675,0.0
2676,0.0
2677,-2.493647916095546
2678,-2.4894208378470393
2679,-2.493651755427886
2680,-2.496169932977558
2681,-11.481002734063567
2682,-11.485264000770693
2683,-2.4706037722169376
2684,-2.451022397439998
2685,-2.4705866369996805
2686,-2.4823559214723696
2687,-11.46233255456512
2688,-11.461482722186854
2689,-2.4506342112443775
2690,-2.4183706623999988
2691,-2.450942185999237
2692,-2.4183706623999988
2693,-11.444944416639213
2694,-11.447492554691909
2695,-2.4936512327472315
2696,-2.4894208378470393
2697,-2.493618888768011
2698,-2.4894208378470393
2699,-11.493114574322602
2700,-11.485744589077541
2701,0.0
2702,0.0
2703,0.0
2704,0.0
2705,0.0
2706,0.0
2707,-2.489400154176055
2708,-2.482368063078398
2709,-2.489415064438854
2710,-2.482368063078398
2711,-11.482537053521563
2712,-11.488276690563094
2713,-2.482355382104292
2714,-2.470613438464001
2715,-2.4823322753440538
2716,-2.489398623440761
2717,-11.480772920842247
2718,-11.481061390831936
2719,-2.4510136744365782
2720,-2.4183706623999988
2721,-2.451003682947399
2722,-2.4706070469756645
2723,-11.427328718459963
2724,-11.449135400212953
2725,-2.4823579223408028
2726,-2.470613438464001
2727,-2.4823640940760976
2728,-2.4894032661649885
2729,-11.477956229049758
2730,-11.47308725049574
2731,0.0
2732,0.0
2733,0.0
2734,0.0
2735,0.0
2736,0.0
2737,-1.4808573641312164
2738,-1.4435003901408043
2739,-1.5165542823256748
2740,-1.444087736361295
2741,-2.8500492249281337
2742,-2.8328657782634727
2743,-1.6162744047959419
2744,-1.4502594639668243
2745,-1.5938593904373202
2746,-1.7591271686105707
2747,-4.328819429835849
2748,-1.9415272491040771
2749,-1.553686684964371
2750,-1.447871198264461
2751,-1.4816263923418445
2752,-1.448099465396707
2753,-5.606350492574904
2754,-1.96
2755,-1.2476156787196868
2756,-0.7504646501450363
2757,-1.247966193711866
2758,-1.2803059530866543
2759,-2.809149521448524
2760,-3.5458221468371587
2761,0.0
2762,0.0
2763,0.0
2764,0.0
2765,0.0
2766,0.0
2767,-2.4961891842031276
2768,-2.493652502708222
2769,-2.497708801925522
2770,-2.496189147204695
2771,-11.48475788580537
2772,-11.491575417672626
2773,-2.4706084420187615
2774,-2.4510223974400023
2775,-2.4823322873335645
2776,-2.470597597576268
2777,-11.461968947067678
2778,-11.469076155094033
2779,-2.4936483947922823
2780,-2.4894208378470393
2781,-2.496187222741684
2782,-2.493644831206035
2783,-11.491513623120508
2784,-11.488653908428796
2785,-2.4893982954458354
2786,-2.482368063078398
2787,-2.482368063078398
2788,-2.489410869521154
2789,-11.475229312830844
2790,-11.484426398055597
2791,0.0
2792,0.0
2793,0.0
2794,0.0
2795,0.0
2796,0.0
2797,-2.4894129571125183
2798,-2.482368063078398
2799,-2.482368063078398
2800,-2.4894192120073018
2801,-11.482660627163595
2802,-11.471460707082526
2803,-2.4508996935775933
2804,-2.4183706623999988
2805,-2.4183706623999988
2806,-2.450991391209229
2807,-11.429634293147851
2808,-11.427451031893995
2809,-2.470595438207266
2810,-2.4510223974400023
2811,-2.482307516010742
2812,-2.470524318228002
2813,-11.470079559257197
2814,-11.469033271919766
2815,-2.4961909083089124
2816,-2.4936525027082266
2817,-2.497714164123676
2818,-2.496184854160971
2819,-11.490148137327738
2820,-11.492194804990568
2821,0.0
2822,0.0
2823,0.0
2824,0.0
2825,0.0
2826,0.0
2827,-2.493646258415577
2828,-2.4894208378470393
2829,-2.496184433875454
2830,-2.4936441585239835
2831,-11.486695983924545
2832,-11.485045623314498
2833,-2.27325184
2834,-2.3639511040000003
2835,-2.3639511040000003
2836,-2.27325184
2837,-2.122086400000004
2838,-11.273251839999995
2839,-1.8701440000000018
2840,-2.1220864
2841,-2.1220864
2842,-1.8701440000000018
2843,-1.450240000000004
2844,-10.87014399999999
2845,-2.27325184
2846,-2.3639511040000003
2847,-2.3639511040000003
2848,-2.27325184
2849,-2.122086400000004
2850,-11.273251839999995
2851,0.0
2852,0.0
2853,0.0
2854,0.0
2855,0.0
2856,0.0
2857,-2.1220864
2858,-1.8701440000000038
2859,-2.27325184
2860,-2.1220864
2861,-11.122086399999999
2862,-2.27325184
2863,-1.450240000000002
2864,-0.7504000000000028
2865,-0.7504000000000028
2866,-1.450240000000002
2867,-10.450239999999992
2868,-1.8701440000000018
2869,-2.1220864
2870,-1.8701440000000038
2871,-2.27325184
2872,-2.1220864
2873,-11.122086399999999
2874,-2.27325184
2875,10.999999999999991
2876,5.599999999999993
2877,5.599999999999993
2878,10.999999999999991
2879,1.9999999999999922
2880,19.99999999999999
2881,0.0
2882,0.0
2883,0.0
2884,0.0
2885,0.0
2886,0.0
2887,-2.497711008276111
2888,-2.49619150162493
2889,-2.4977126447961027
2890,-2.49619150162493
2891,-11.496308449802981
2892,-11.497213092974604
2893,-2.4823637058827033
2894,-2.470613438464001
2895,-2.4823373869921888
2896,-2.470613438464001
2897,-11.478227410173275
2898,-11.468130939583968
2899,-2.4961871188312053
2900,-2.493652502708222
2901,-2.496190233389511
2902,-2.493652502708222
2903,-11.489372624578648
2904,-11.48346899290563
2905,-2.482365205108974
2906,-2.470613438464001
2907,-2.4823605630308214
2908,-2.489416360561136
2909,-11.479178563072587
2910,-11.481552380030111
2911,0.0
2912,0.0
2913,0.0
2914,0.0
2915,0.0
2916,0.0
2917,-2.4823518019384383
2918,-2.470613438464001
2919,-2.4823627328996696
2920,-2.4893860134075885
2921,-11.48063506684702
2922,-11.480243416711751
2923,-2.4183087577914946
2924,-2.3639511040000003
2925,-2.418215345502612
2926,-2.4509589169250496
2927,-11.416406226256276
2928,-11.406766751762444
2929,-2.482327666637318
2930,-2.470613438464001
2931,-2.4823079156699137
2932,-2.470613438464001
2933,-11.473010243533459
2934,-11.472062509077835
2935,-2.497713233939724
2936,-2.4961915016249345
2937,-2.4977114783173726
2938,-2.4961915016249345
2939,-11.476375197424009
2940,-11.481840468253099
2941,0.0
2942,0.0
2943,0.0
2944,0.0
2945,0.0
2946,0.0
2947,-2.4961885241363926
2948,-2.493652502708222
2949,-2.4961875224965584
2950,-2.493652502708222
2951,-11.492218632631594
2952,-11.493284223383858
2953,-2.3639485363442936
2954,-2.418370119448571
2955,-2.3639326376821455
2956,-2.273251840000004
2957,-11.3635541349441
2958,-11.36209146989475
2959,-2.1220864
2960,-2.27325184
2961,-2.1220864
2962,-1.8701440000000038
2963,-11.122086399999999
2964,-11.122086399999999
2965,-2.363945889528071
2966,-2.4183629889632487
2967,-2.363940445720301
2968,-2.273251840000004
2969,-11.363604863493201
2970,-11.363886355605219
2971,0.0
2972,0.0
2973,0.0
2974,0.0
2975,0.0
2976,0.0
2977,-2.257733302854176
2978,-2.1220864
2979,-2.2706459195078987
2980,-2.1220864
2981,-11.148572697237904
2982,-11.083990668324443
2983,-0.7619045852184649
2984,0.41599999999999737
2985,-0.7625630888660433
2986,-1.4133916253388419
2987,-9.136095323156741
2988,-9.533493103459053
2989,-2.2697028680826175
2990,-2.1220864
2991,-2.268895183319405
2992,-2.1220864
2993,-10.915865307432137
2994,-10.603373478080181
2995,5.599999999999993
2996,2.3599999999999963
2997,5.599999999999993
2998,10.999999999999991
2999,-3.400000000000006
3000,-3.400000000000006
